{"vertices":[-5.0000000000000036,0.4700000000000022,-65,-4.9999999999999964,0.4700000000000022,-35,-25.000000000000004,0.46999999999999775,-65,-24.999999999999996,0.46999999999999775,-35,-20.5,0.47000000000000086,-170,-44.5,0.47000000000000086,-170,-20.5,0.4699999999999991,-178,-44.5,0.4699999999999991,-178,120,0.4700000000000022,-65,120,0.4700000000000022,-35,100,0.46999999999999775,-65,100,0.46999999999999775,-35,78.275,0.47000000000000086,-113,78.275,0.47000000000000086,-137,86.275,0.4699999999999991,-113,86.275,0.4699999999999991,-137,95,0.4700000000000022,-35,95,0.4700000000000022,-5.000000000000002,75,0.46999999999999775,-35,75,0.46999999999999775,-4.999999999999998,-85.50000000000001,0.47000000000000086,-170.275,-109.50000000000001,0.47000000000000086,-170.275,-85.50000000000001,0.4699999999999991,-178.275,-109.50000000000001,0.4699999999999991,-178.275,24.999999999999996,0.4700000000000022,4.999999999999998,25.000000000000004,0.4700000000000022,35,4.9999999999999964,0.46999999999999775,5.000000000000002,5.0000000000000036,0.46999999999999775,35,26.464466094067262,0.4700000000000022,39.32233047033631,47.67766952966369,0.4700000000000022,60.53553390593274,12.322330470336311,0.46999999999999775,53.46446609406726,33.53553390593274,0.46999999999999775,74.67766952966369,-147,0.47000000000000175,21.775,-123,0.47000000000000175,21.775,-147,0.4699999999999982,37.775,-123,0.4699999999999982,37.775,-168.20930015634048,0.47000000000000175,-56.52980484541327,-180.20930015634048,0.47000000000000175,-35.74519515458674,-182.06570661689148,0.4699999999999982,-64.52980484541327,-194.06570661689148,0.4699999999999982,-43.74519515458674,-89.79069984365955,0.47000000000000175,-35.74519515458675,-101.79069984365957,0.47000000000000175,-56.52980484541328,-75.93429338310854,0.4699999999999982,-43.74519515458677,-87.93429338310855,0.4699999999999982,-64.5298048454133],"normals":[-2.220446049250313e-16,1,4.930380657631324e-32,-2.719262146893782e-32,1,-2.220446049250313e-16,2.220446049250313e-16,1,4.930380657631324e-32,-1.5700924586837752e-16,1,1.570092458683775e-16,0,1,2.220446049250313e-16,-1.9229626863835643e-16,1,-1.110223024625156e-16,1.9229626863835628e-16,1,-1.1102230246251575e-16],"uvs":[[0,1,0,0,1,1,1,0]],"faces":[58,0,2,1,0,0,1,2,0,0,0,0,58,2,3,1,0,1,3,2,0,0,0,0,58,4,6,5,0,0,1,2,1,1,1,1,58,6,7,5,0,1,3,2,1,1,1,1,58,8,10,9,0,0,1,2,0,0,0,0,58,10,11,9,0,1,3,2,0,0,0,0,58,12,14,13,0,0,1,2,2,2,2,2,58,14,15,13,0,1,3,2,2,2,2,2,58,16,18,17,0,0,1,2,0,0,0,0,58,18,19,17,0,1,3,2,0,0,0,0,58,20,22,21,0,0,1,2,1,1,1,1,58,22,23,21,0,1,3,2,1,1,1,1,58,24,26,25,0,0,1,2,0,0,0,0,58,26,27,25,0,1,3,2,0,0,0,0,58,28,30,29,0,0,1,2,3,3,3,3,58,30,31,29,0,1,3,2,3,3,3,3,58,32,34,33,0,0,1,2,4,4,4,4,58,34,35,33,0,1,3,2,4,4,4,4,58,36,38,37,0,0,1,2,5,5,5,5,58,38,39,37,0,1,3,2,5,5,5,5,58,40,42,41,0,0,1,2,6,6,6,6,58,42,43,41,0,1,3,2,6,6,6,6]}