{"vertices":[-5.0000000000000036,0.4700000000000022,-105,-4.9999999999999964,0.4700000000000022,-75,-25.000000000000004,0.46999999999999775,-105,-24.999999999999996,0.46999999999999775,-75,50,0.4700000000000022,-65,50,0.4700000000000022,-35,29.999999999999996,0.46999999999999775,-65,30.000000000000004,0.46999999999999775,-35,66.02980484541327,0.47000000000000086,-158.20930015634048,45.24519515458674,0.47000000000000086,-170.20930015634048,70.02980484541327,0.4699999999999991,-165.13750338661598,49.24519515458674,0.4699999999999991,-177.13750338661598,24.999999999999996,0.4700000000000022,-35,25.000000000000004,0.4700000000000022,-5.000000000000002,4.9999999999999964,0.46999999999999775,-35,5.0000000000000036,0.46999999999999775,-4.999999999999998,-130.70930015634048,0.47000000000000086,-158.02980484541328,-142.70930015634048,0.47000000000000086,-137.24519515458675,-137.63750338661598,0.4699999999999991,-162.02980484541328,-149.63750338661598,0.4699999999999991,-141.24519515458675,-5.0000000000000036,0.4700000000000022,-35,-4.9999999999999964,0.4700000000000022,-5.000000000000002,-25.000000000000004,0.46999999999999775,-35,-24.999999999999996,0.46999999999999775,-4.999999999999998,95,0.4700000000000022,4.999999999999998,95,0.4700000000000022,35,75,0.46999999999999775,5.000000000000002,75,0.46999999999999775,35,-5.0000000000000036,0.4700000000000022,45,-4.9999999999999964,0.4700000000000022,75,-25.000000000000004,0.46999999999999775,45,-24.999999999999996,0.46999999999999775,75,-101.79069984365954,0.47000000000000175,9.52980484541326,-89.79069984365952,0.47000000000000175,-11.254804845413268,-87.93429338310852,0.4699999999999982,17.52980484541326,-75.93429338310851,0.4699999999999982,-3.2548048454132674,-180.20930015634048,0.47000000000000175,-11.254804845413268,-168.20930015634048,0.47000000000000175,9.52980484541326,-194.06570661689148,0.4699999999999982,-3.2548048454132674,-182.06570661689148,0.4699999999999982,17.52980484541326,-123,0.47000000000000175,-68.775,-147,0.47000000000000175,-68.775,-123,0.4699999999999982,-84.775,-147,0.4699999999999982,-84.775],"normals":[-2.220446049250313e-16,1,4.930380657631324e-32,1.1102230246251565e-16,1,-1.9229626863835636e-16,-1.9229626863835643e-16,1,-1.110223024625156e-16,1.9229626863835638e-16,1,1.1102230246251568e-16,-1.9229626863835638e-16,1,1.1102230246251568e-16,-2.719262146893782e-32,1,-2.220446049250313e-16],"uvs":[[0,1,0,0,1,1,1,0]],"faces":[58,0,2,1,0,0,1,2,0,0,0,0,58,2,3,1,0,1,3,2,0,0,0,0,58,4,6,5,0,0,1,2,0,0,0,0,58,6,7,5,0,1,3,2,0,0,0,0,58,8,10,9,0,0,1,2,1,1,1,1,58,10,11,9,0,1,3,2,1,1,1,1,58,12,14,13,0,0,1,2,0,0,0,0,58,14,15,13,0,1,3,2,0,0,0,0,58,16,18,17,0,0,1,2,2,2,2,2,58,18,19,17,0,1,3,2,2,2,2,2,58,20,22,21,0,0,1,2,0,0,0,0,58,22,23,21,0,1,3,2,0,0,0,0,58,24,26,25,0,0,1,2,0,0,0,0,58,26,27,25,0,1,3,2,0,0,0,0,58,28,30,29,0,0,1,2,0,0,0,0,58,30,31,29,0,1,3,2,0,0,0,0,58,32,34,33,0,0,1,2,3,3,3,3,58,34,35,33,0,1,3,2,3,3,3,3,58,36,38,37,0,0,1,2,4,4,4,4,58,38,39,37,0,1,3,2,4,4,4,4,58,40,42,41,0,0,1,2,5,5,5,5,58,42,43,41,0,1,3,2,5,5,5,5]}