{
            "skinWeights": [],
            "uvs": [[0,1,0,0,1,0,1,1]],
            "normals": [0.577349,-0.577349,0.577349,0.577349,-0.577349,-0.577349,0.577349,0.577349,-0.577349,0.577349,0.577349,0.577349,-0.577349,0.577349,0.577349,-0.577349,0.577349,-0.577349,-0.577349,-0.577349,-0.577349,-0.577349,-0.577349,0.577349,-0.300546,-0.291238,0.9082,-0.300546,-0.291238,-0.9082,-0.587176,-0.568987,-0.575701,-0.587176,-0.568987,0.575701,0.587176,-0.568987,0.575701,0.587176,-0.568987,-0.575701,0.300546,-0.291238,-0.9082,0.300546,-0.291238,0.9082],
            "name": "BoxGeometry",
            "vertices": [1,-0.5,0.5,1,0.5,0.5,1,-0.5,-0.5,1,0.5,-0.5,-1,0.5,0.5,-1,-0.5,0.5,-1,0.5,-0.5,-1,-0.5,-0.5,0.9,-0.5,0.5,0.9,-0.5,-0.5,0.929289,0.429289,-0.5,0.929289,0.429289,0.5,-0.929289,0.429289,0.5,-0.929289,0.429289,-0.5,-0.9,-0.5,-0.5,-0.9,-0.5,0.5],
            "skinIndices": [],
            "metadata": {
                "vertices": 16,
                "bones": 0,
                "version": 3,
                "morphTargets": 0,
                "generator": "io_three",
                "materials": 1,
                "uvs": 1,
                "normals": 16,
                "faces": 14
            },
            "morphTargets": [],
            "bones": [],
            "animations": [],
            "influencesPerVertex": 2,
            "faces": [43,0,2,3,1,0,0,1,2,3,0,1,2,3,43,4,6,7,5,0,0,1,2,3,4,5,6,7,43,1,3,6,4,0,0,1,2,3,3,2,5,4,43,11,10,9,8,0,3,2,1,0,8,9,10,11,43,15,14,13,12,0,3,2,1,0,12,13,14,15,43,12,13,10,11,0,3,2,1,0,15,14,9,8,43,2,0,8,9,0,1,1,1,1,1,0,11,10,43,9,10,3,2,0,1,1,1,1,10,9,2,1,43,0,1,11,8,0,1,1,1,1,0,3,8,11,43,13,14,7,6,0,1,1,1,1,14,13,6,5,43,14,15,5,7,0,1,1,1,1,13,12,7,6,43,15,12,4,5,0,1,1,1,1,12,15,4,7,43,10,13,6,3,0,1,1,1,1,9,14,5,2,43,12,11,1,4,0,1,1,1,1,15,8,3,4]
        }