{"vertices":[55,-0.00600000005213186,-115,70,-0.00600000005213186,-115,55,-0.006000000052176269,85,70,-0.006000000052176269,85],"normals":[0,1,2.220446049250313e-16],"uvs":[[0,1,0,0,1,1,1,0]],"faces":[58,0,2,1,0,0,1,2,0,0,0,0,58,2,3,1,0,1,3,2,0,0,0,0]}