{"vertices":[25,-0.006000000052142962,-65,30,-0.006000000052142962,-65,25,-0.006000000052165166,35,30,-0.006000000052165166,35,95,-0.006000000052142962,-65,100,-0.006000000052142962,-65,95,-0.006000000052165166,35,100,-0.006000000052165166,35],"normals":[0,1,2.220446049250313e-16],"uvs":[[0,1,0,0,1,1,1,0]],"faces":[58,0,2,1,0,0,1,2,0,0,0,0,58,2,3,1,0,1,3,2,0,0,0,0,58,4,6,5,0,0,1,2,0,0,0,0,58,6,7,5,0,1,3,2,0,0,0,0]}