{"vertices":[30,-0.006000000052155174,4.999999999999997,30,-0.006000000052152954,-5.000000000000003,55,-0.006000000052155174,5.000000000000003,55,-0.006000000052152954,-4.999999999999997,70,-0.006000000052155174,4.999999999999997,70,-0.006000000052152954,-5.000000000000003,95,-0.006000000052155174,5.000000000000003,95,-0.006000000052152954,-4.999999999999997,100,-0.006000000052155174,4.999999999999997,100,-0.006000000052152954,-5.000000000000003,125,-0.006000000052155174,5.000000000000003,125,-0.006000000052152954,-4.999999999999997,-25,-0.006000000052155174,-65,-25,-0.006000000052152954,-75,-5.000000000000002,-0.006000000052155174,-65,-4.999999999999998,-0.006000000052152954,-75,5,-0.009999999776483026,-65,5,-0.009999999776482138,-69,27,-0.009999999776483026,-65,27,-0.009999999776482138,-69,-25,-0.006000000052155174,45,-25,-0.006000000052152954,35,-5.000000000000002,-0.006000000052155174,45,-4.999999999999998,-0.006000000052152954,35,5,-0.009999999776483026,39,5,-0.009999999776482138,35,27,-0.009999999776483026,39,27,-0.009999999776482138,35,98,-0.009999999776483026,-65,98,-0.009999999776482138,-69,120,-0.009999999776483026,-65,120,-0.009999999776482138,-69,98,-0.009999999776483026,39,98,-0.009999999776482138,35,120,-0.009999999776483026,39,120,-0.009999999776482138,35],"normals":[-4.930380657631324e-32,1,2.220446049250313e-16],"uvs":[[0,1,0,0,1,1,1,0]],"faces":[58,0,2,1,0,0,1,2,0,0,0,0,58,2,3,1,0,1,3,2,0,0,0,0,58,4,6,5,0,0,1,2,0,0,0,0,58,6,7,5,0,1,3,2,0,0,0,0,58,8,10,9,0,0,1,2,0,0,0,0,58,10,11,9,0,1,3,2,0,0,0,0,58,12,14,13,0,0,1,2,0,0,0,0,58,14,15,13,0,1,3,2,0,0,0,0,58,16,18,17,0,0,1,2,0,0,0,0,58,18,19,17,0,1,3,2,0,0,0,0,58,20,22,21,0,0,1,2,0,0,0,0,58,22,23,21,0,1,3,2,0,0,0,0,58,24,26,25,0,0,1,2,0,0,0,0,58,26,27,25,0,1,3,2,0,0,0,0,58,28,30,29,0,0,1,2,0,0,0,0,58,30,31,29,0,1,3,2,0,0,0,0,58,32,34,33,0,0,1,2,0,0,0,0,58,34,35,33,0,1,3,2,0,0,0,0]}