{"vertices":[-130,-0.007000000216066837,-23.501000000047497,-130.00019509032427,-0.007000000216066837,-23.50098078523297,-130.0003826834436,-0.007000000216066837,-23.500923879561014,-130.00055557023734,-0.007000000216066837,-23.500831469602417,-130.0007071067812,-0.007000000216066837,-23.500707106781192,-130.00083146960242,-0.007000000216066837,-23.50055557023734,-130.00092387956101,-0.007000000216066837,-23.500382683443604,-130.00098078523297,-0.007000000216066837,-23.50019509032427,-130.0010000000475,-0.007000000216066837,-23.5,-130.00098078523297,-0.007000000216066837,-23.49980490967573,-130.00092387956101,-0.007000000216066837,-23.499617316556396,-130.00083146960242,-0.007000000216066837,-23.49944442976266,-130.0007071067812,-0.007000000216066837,-23.499292893218808,-130.00055557023734,-0.007000000216066837,-23.499168530397583,-130.0003826834436,-0.007000000216066837,-23.499076120438986,-130.00019509032427,-0.007000000216066837,-23.49901921476703,-130,-0.007000000216066837,-23.498999999952503,-130,-0.00700000021606575,-28.40000009536743,-130.95594257116318,-0.0070000002160657705,-28.305847644805908,-131.87514877319336,-0.007000000216065832,-28.0270094871521,-132.72229409217834,-0.007000000216065933,-27.574201107025146,-133.4648232460022,-0.007000000216066068,-26.964823246002197,-134.07420110702515,-0.007000000216066233,-26.222294092178345,-134.5270094871521,-0.007000000216066421,-25.37514877319336,-134.8058476448059,-0.007000000216066625,-24.455942571163177,-134.90000009536743,-0.007000000216066837,-23.5,-134.8058476448059,-0.00700000021606705,-22.544057428836823,-134.5270094871521,-0.007000000216067254,-21.62485122680664,-134.07420110702515,-0.007000000216067442,-20.777705907821655,-133.4648232460022,-0.007000000216067607,-20.035176753997803,-132.72229409217834,-0.007000000216067742,-19.425798892974854,-131.87514877319336,-0.007000000216067843,-18.9729905128479,-130.95594257116318,-0.007000000216067904,-18.694152355194092,-130,-0.007000000216067925,-18.59999990463257],"normals":[0,1,2.220446049250313e-16],"uvs":[[0.5,0.5001020431518555,0.5,1,0.40245485305786133,0.9903926253318787,0.499980092048645,0.5001000761985779,0.30865827202796936,0.9619397521018982,0.4999609589576721,0.5000942945480347,0.22221487760543823,0.9157348275184631,0.4999433159828186,0.5000848174095154,0.1464466154575348,0.8535534143447876,0.4999278485774994,0.500072181224823,0.08426519483327866,0.7777851223945618,0.49991515278816223,0.5000566840171814,0.03806023299694061,0.6913416981697083,0.4999057352542877,0.5000390410423279,0.009607359766960144,0.5975451469421387,0.4998999238014221,0.500019907951355,0,0.5,0.49989795684814453,0.5,0.009607359766960144,0.40245485305786133,0.4998999238014221,0.499980092048645,0.03806023299694061,0.30865827202796936,0.4999057352542877,0.4999609589576721,0.08426519483327866,0.22221487760543823,0.49991515278816223,0.4999433159828186,0.1464466154575348,0.1464466154575348,0.4999278485774994,0.4999278485774994,0.22221487760543823,0.08426519483327866,0.4999433159828186,0.49991515278816223,0.30865827202796936,0.03806023299694061,0.4999609589576721,0.4999057352542877,0.40245485305786133,0.009607359766960144,0.499980092048645,0.4998999238014221,0.5,0,0.5,0.49989795684814453]],"faces":[58,0,17,18,0,0,1,2,0,0,0,0,58,0,18,1,0,0,2,3,0,0,0,0,58,1,18,19,0,3,2,4,0,0,0,0,58,1,19,2,0,3,4,5,0,0,0,0,58,2,19,20,0,5,4,6,0,0,0,0,58,2,20,3,0,5,6,7,0,0,0,0,58,3,20,21,0,7,6,8,0,0,0,0,58,3,21,4,0,7,8,9,0,0,0,0,58,4,21,22,0,9,8,10,0,0,0,0,58,4,22,5,0,9,10,11,0,0,0,0,58,5,22,23,0,11,10,12,0,0,0,0,58,5,23,6,0,11,12,13,0,0,0,0,58,6,23,24,0,13,12,14,0,0,0,0,58,6,24,7,0,13,14,15,0,0,0,0,58,7,24,25,0,15,14,16,0,0,0,0,58,7,25,8,0,15,16,17,0,0,0,0,58,8,25,26,0,17,16,18,0,0,0,0,58,8,26,9,0,17,18,19,0,0,0,0,58,9,26,27,0,19,18,20,0,0,0,0,58,9,27,10,0,19,20,21,0,0,0,0,58,10,27,28,0,21,20,22,0,0,0,0,58,10,28,11,0,21,22,23,0,0,0,0,58,11,28,29,0,23,22,24,0,0,0,0,58,11,29,12,0,23,24,25,0,0,0,0,58,12,29,30,0,25,24,26,0,0,0,0,58,12,30,13,0,25,26,27,0,0,0,0,58,13,30,31,0,27,26,28,0,0,0,0,58,13,31,14,0,27,28,29,0,0,0,0,58,14,31,32,0,29,28,30,0,0,0,0,58,14,32,15,0,29,30,31,0,0,0,0,58,15,32,33,0,31,30,32,0,0,0,0,58,15,33,16,0,31,32,33,0,0,0,0]}