{"vertices":[-80,-0.0060000000521557295,-150,-80,-0.006000000052152399,-165,20,-0.0060000000521557295,-150,20,-0.006000000052152399,-165,-80,-0.0060000000521557295,135,-80,-0.006000000052152399,119.99999999999999,20,-0.0060000000521557295,135,20,-0.006000000052152399,120.00000000000001,-130,-0.006000000052155174,-18.500000000000007,-130,-0.006000000052152954,-28.500000000000007,-60,-0.006000000052155174,-18.499999999999993,-60,-0.006000000052152954,-28.499999999999993,-35,-0.006000000052142962,-105,-25,-0.006000000052142962,-105,-35,-0.006000000052165166,-5,-25,-0.006000000052165166,-5,-35,-0.006000000052146293,5,-25,-0.006000000052146293,5,-35,-0.006000000052161836,75,-25,-0.006000000052161836,75,-5,-0.006000000052137966,-150,5,-0.006000000052137966,-150,-5,-0.006000000052170162,-5,5,-0.006000000052170162,-5,-5,-0.006000000052141297,5,5,-0.006000000052141297,5,-5,-0.006000000052166832,120,5,-0.006000000052166832,120,-65,-0.006000000052155174,4.99999999999999,-65,-0.006000000052152954,-5.00000000000001,25,-0.006000000052155174,5.00000000000001,25,-0.006000000052152954,-4.99999999999999,120,-0.009999999776470592,-69,125,-0.009999999776470592,-69,120,-0.009999999776494573,39,125,-0.009999999776494573,39],"normals":[-4.930380657631324e-32,1,2.220446049250313e-16,0,1,2.220446049250313e-16],"uvs":[[0,1,0,0,1,1,1,0]],"faces":[58,0,2,1,0,0,1,2,0,0,0,0,58,2,3,1,0,1,3,2,0,0,0,0,58,4,6,5,0,0,1,2,0,0,0,0,58,6,7,5,0,1,3,2,0,0,0,0,58,8,10,9,0,0,1,2,0,0,0,0,58,10,11,9,0,1,3,2,0,0,0,0,58,12,14,13,0,0,1,2,1,1,1,1,58,14,15,13,0,1,3,2,1,1,1,1,58,16,18,17,0,0,1,2,1,1,1,1,58,18,19,17,0,1,3,2,1,1,1,1,58,20,22,21,0,0,1,2,1,1,1,1,58,22,23,21,0,1,3,2,1,1,1,1,58,24,26,25,0,0,1,2,1,1,1,1,58,26,27,25,0,1,3,2,1,1,1,1,58,28,30,29,0,0,1,2,0,0,0,0,58,30,31,29,0,1,3,2,0,0,0,0,58,32,34,33,0,0,1,2,1,1,1,1,58,34,35,33,0,1,3,2,1,1,1,1]}