{"vertices":[24.999999999999996,0.4700000000000022,-65,25.000000000000004,0.4700000000000022,-35,4.9999999999999964,0.46999999999999775,-65,5.0000000000000036,0.46999999999999775,-35,-53,0.47000000000000086,-170,-77,0.47000000000000086,-170,-53,0.4699999999999991,-178,-77,0.4699999999999991,-178,44.99999999999999,0.47000000000000086,-170.275,20.999999999999993,0.47000000000000086,-170.275,44.99999999999999,0.4699999999999991,-178.275,20.999999999999993,0.4699999999999991,-178.275,91.46446609406726,0.4700000000000022,-104.67766952966369,112.67766952966369,0.4700000000000022,-83.46446609406726,77.32233047033631,0.46999999999999775,-90.53553390593274,98.53553390593274,0.46999999999999775,-69.32233047033631,-142.775,0.47000000000000086,-137,-142.775,0.47000000000000086,-113,-150.775,0.4699999999999991,-137,-150.775,0.4699999999999991,-113,120,0.4700000000000022,-35,120,0.4700000000000022,-5.000000000000002,100,0.46999999999999775,-35,100,0.46999999999999775,-4.999999999999998,50,0.4700000000000022,4.999999999999998,50,0.4700000000000022,35,29.999999999999996,0.46999999999999775,5.000000000000002,30.000000000000004,0.46999999999999775,35,77.32233047033631,0.4700000000000022,60.53553390593274,98.53553390593274,0.4700000000000022,39.32233047033631,91.46446609406726,0.46999999999999775,74.67766952966369,112.67766952966369,0.46999999999999775,53.46446609406726,-168.02980484541325,0.47000000000000175,9.70930015634046,-147.24519515458672,0.47000000000000175,21.709300156340458,-176.02980484541325,0.4699999999999982,23.56570661689148,-155.24519515458672,0.4699999999999982,35.565706616891475,-147.24519515458675,0.47000000000000175,-68.70930015634045,-168.02980484541328,0.47000000000000175,-56.70930015634045,-155.24519515458675,0.4699999999999982,-82.56570661689148,-176.02980484541328,0.4699999999999982,-70.56570661689148],"normals":[-2.220446049250313e-16,1,4.930380657631324e-32,-2.719262146893782e-32,1,-2.220446049250313e-16,-1.5700924586837752e-16,1,1.570092458683775e-16,1.5700924586837752e-16,1,1.570092458683775e-16,-1.1102230246251564e-16,1,1.922962686383564e-16,-1.1102230246251562e-16,1,-1.9229626863835638e-16],"uvs":[[0,1,0,0,1,1,1,0]],"faces":[58,0,2,1,0,0,1,2,0,0,0,0,58,2,3,1,0,1,3,2,0,0,0,0,58,4,6,5,0,0,1,2,1,1,1,1,58,6,7,5,0,1,3,2,1,1,1,1,58,8,10,9,0,0,1,2,1,1,1,1,58,10,11,9,0,1,3,2,1,1,1,1,58,12,14,13,0,0,1,2,2,2,2,2,58,14,15,13,0,1,3,2,2,2,2,2,58,16,18,17,0,0,1,2,0,0,0,0,58,18,19,17,0,1,3,2,0,0,0,0,58,20,22,21,0,0,1,2,0,0,0,0,58,22,23,21,0,1,3,2,0,0,0,0,58,24,26,25,0,0,1,2,0,0,0,0,58,26,27,25,0,1,3,2,0,0,0,0,58,28,30,29,0,0,1,2,3,3,3,3,58,30,31,29,0,1,3,2,3,3,3,3,58,32,34,33,0,0,1,2,4,4,4,4,58,34,35,33,0,1,3,2,4,4,4,4,58,36,38,37,0,0,1,2,5,5,5,5,58,38,39,37,0,1,3,2,5,5,5,5]}