{"vertices":[12.322330470336311,0.4700000000000022,-83.46446609406726,33.53553390593274,0.4700000000000022,-104.67766952966369,26.464466094067262,0.46999999999999775,-69.32233047033631,47.67766952966369,0.46999999999999775,-90.53553390593274,12.000000000000002,0.47000000000000086,-170,-11.999999999999998,0.47000000000000086,-170,12,0.4699999999999991,-178,-12,0.4699999999999991,-178,95,0.4700000000000022,-65,95,0.4700000000000022,-35,75,0.46999999999999775,-65,75,0.46999999999999775,-35,78.20930015634045,0.47000000000000086,-137.24519515458675,66.20930015634043,0.47000000000000086,-158.02980484541328,85.13750338661596,0.4699999999999991,-141.24519515458675,73.13750338661593,0.4699999999999991,-162.02980484541328,50,0.4700000000000022,-35,50,0.4700000000000022,-5.000000000000002,29.999999999999996,0.46999999999999775,-35,30.000000000000004,0.46999999999999775,-4.999999999999998,-109.74519515458675,0.47000000000000086,-170.20930015634045,-130.52980484541328,0.47000000000000086,-158.20930015634045,-113.74519515458675,0.4699999999999991,-177.13750338661595,-134.52980484541328,0.4699999999999991,-165.13750338661595,-5.0000000000000036,0.4700000000000022,4.999999999999998,-4.9999999999999964,0.4700000000000022,35,-25.000000000000004,0.46999999999999775,5.000000000000002,-24.999999999999996,0.46999999999999775,35,120,0.4700000000000022,4.999999999999998,120,0.4700000000000022,35,100,0.46999999999999775,5.000000000000002,100,0.46999999999999775,35,-122.75480484541326,0.47000000000000175,21.709300156340458,-101.97019515458673,0.47000000000000175,9.70930015634046,-114.75480484541326,0.4699999999999982,35.565706616891475,-93.97019515458673,0.4699999999999982,23.56570661689148,-180.275,0.47000000000000175,-35.49999999999999,-180.275,0.47000000000000175,-11.499999999999995,-196.275,0.4699999999999982,-35.49999999999999,-196.275,0.4699999999999982,-11.499999999999991,-101.97019515458673,0.47000000000000175,-56.70930015634046,-122.75480484541326,0.47000000000000175,-68.70930015634046,-93.97019515458673,0.4699999999999982,-70.56570661689149,-114.75480484541326,0.4699999999999982,-82.56570661689149],"normals":[1.5700924586837752e-16,1,1.570092458683775e-16,-2.719262146893782e-32,1,-2.220446049250313e-16,-2.220446049250313e-16,1,4.930380657631324e-32,1.9229626863835628e-16,1,-1.1102230246251575e-16,-1.1102230246251562e-16,1,-1.9229626863835638e-16,1.1102230246251564e-16,1,1.922962686383564e-16,1.1102230246251565e-16,1,-1.9229626863835636e-16],"uvs":[[0,1,0,0,1,1,1,0]],"faces":[58,0,2,1,0,0,1,2,0,0,0,0,58,2,3,1,0,1,3,2,0,0,0,0,58,4,6,5,0,0,1,2,1,1,1,1,58,6,7,5,0,1,3,2,1,1,1,1,58,8,10,9,0,0,1,2,2,2,2,2,58,10,11,9,0,1,3,2,2,2,2,2,58,12,14,13,0,0,1,2,3,3,3,3,58,14,15,13,0,1,3,2,3,3,3,3,58,16,18,17,0,0,1,2,2,2,2,2,58,18,19,17,0,1,3,2,2,2,2,2,58,20,22,21,0,0,1,2,4,4,4,4,58,22,23,21,0,1,3,2,4,4,4,4,58,24,26,25,0,0,1,2,2,2,2,2,58,26,27,25,0,1,3,2,2,2,2,2,58,28,30,29,0,0,1,2,2,2,2,2,58,30,31,29,0,1,3,2,2,2,2,2,58,32,34,33,0,0,1,2,5,5,5,5,58,34,35,33,0,1,3,2,5,5,5,5,58,36,38,37,0,0,1,2,2,2,2,2,58,38,39,37,0,1,3,2,2,2,2,2,58,40,42,41,0,0,1,2,6,6,6,6,58,42,43,41,0,1,3,2,6,6,6,6]}