{"vertices":[-15,2.220446049250313e-15,-10,-15,-2.220446049250313e-15,10,15,2.220446049250313e-15,-10,-15,-2.220446049250313e-15,10,15,-2.220446049250313e-15,10,15,2.220446049250313e-15,-10,-15,2.220446049250313e-15,-10,-15,-2.220446049250313e-15,10,15,2.220446049250313e-15,-10,-15,-2.220446049250313e-15,10,15,-2.220446049250313e-15,10,15,2.220446049250313e-15,-10,-15,2.220446049250313e-15,-10,-15,-2.220446049250313e-15,10,15,2.220446049250313e-15,-10,-15,-2.220446049250313e-15,10,15,-2.220446049250313e-15,10,15,2.220446049250313e-15,-10,-15,2.220446049250313e-15,-10,-15,-2.220446049250313e-15,10,15,2.220446049250313e-15,-10,-15,-2.220446049250313e-15,10,15,-2.220446049250313e-15,10,15,2.220446049250313e-15,-10,-15,2.220446049250313e-15,-10,-15,-2.220446049250313e-15,10,15,2.220446049250313e-15,-10,-15,-2.220446049250313e-15,10,15,-2.220446049250313e-15,10,15,2.220446049250313e-15,-10],"normals":[0,1,2.220446049250313e-16],"colors":[16777215],"uvs":[[0,1,0,0,1,1,1,0]],"faces":[186,0,1,2,0,0,1,2,0,0,0,0,0,0,0,186,3,4,5,0,1,3,2,0,0,0,0,0,0,0,186,6,7,8,0,0,1,2,0,0,0,0,0,0,0,186,9,10,11,0,1,3,2,0,0,0,0,0,0,0,186,12,13,14,0,0,1,2,0,0,0,0,0,0,0,186,15,16,17,0,1,3,2,0,0,0,0,0,0,0,186,18,19,20,0,0,1,2,0,0,0,0,0,0,0,186,21,22,23,0,1,3,2,0,0,0,0,0,0,0,186,24,25,26,0,0,1,2,0,0,0,0,0,0,0,186,27,28,29,0,1,3,2,0,0,0,0,0,0,0]}